-- PostgreSQL Data Seed (Migrated from Access CSVs)
-- Este script limpia las tablas existentes e inserta datos frescos.

-- 0. Cleanup (Manejo de estados previos)
TRUNCATE TABLE patient_guardians CASCADE;
TRUNCATE TABLE payments CASCADE;
TRUNCATE TABLE patient_treatments CASCADE;
TRUNCATE TABLE appointments CASCADE;
TRUNCATE TABLE patients CASCADE;
TRUNCATE TABLE doctors CASCADE;
TRUNCATE TABLE treatments CASCADE;

-- Table: doctors
INSERT INTO doctors (id, first_name, last_name, specialty, cop_number) VALUES (1, 'CHRISTIAN WILLIAM', 'CHAVEZ', NULL, NULL) ON CONFLICT DO NOTHING;
INSERT INTO doctors (id, first_name, last_name, specialty, cop_number) VALUES (2, 'CYNTHIA PAOLA', 'SALAZAR', NULL, NULL) ON CONFLICT DO NOTHING;
INSERT INTO doctors (id, first_name, last_name, specialty, cop_number) VALUES (3, 'MORELLA', 'MEJIAZ', NULL, NULL) ON CONFLICT DO NOTHING;
INSERT INTO doctors (id, first_name, last_name, specialty, cop_number) VALUES (4, 'JENNIFER JESSENIA', 'ENCINAS', NULL, NULL) ON CONFLICT DO NOTHING;
INSERT INTO doctors (id, first_name, last_name, specialty, cop_number) VALUES (5, 'JOSE OCTAVIO', 'RINCON', NULL, NULL) ON CONFLICT DO NOTHING;
INSERT INTO doctors (id, first_name, last_name, specialty, cop_number) VALUES (6, 'ERIKA YANETH', 'LIVIAC', NULL, NULL) ON CONFLICT DO NOTHING;
INSERT INTO doctors (id, first_name, last_name, specialty, cop_number) VALUES (7, 'LUIS ALBERTO', 'MALDONADO', NULL, NULL) ON CONFLICT DO NOTHING;
INSERT INTO doctors (id, first_name, last_name, specialty, cop_number) VALUES (8, 'JUNIOR ALFREDO', 'BERMEJO', NULL, NULL) ON CONFLICT DO NOTHING;
INSERT INTO doctors (id, first_name, last_name, specialty, cop_number) VALUES (9, 'DANNY ESTUARDO', 'QUEVEDO', NULL, NULL) ON CONFLICT DO NOTHING;
INSERT INTO doctors (id, first_name, last_name, specialty, cop_number) VALUES (10, 'CHRISTIAN JESUS', 'BALAREZO', NULL, NULL) ON CONFLICT DO NOTHING;
INSERT INTO doctors (id, first_name, last_name, specialty, cop_number) VALUES (11, 'VERONICA', 'SERNAQUE', NULL, NULL) ON CONFLICT DO NOTHING;
INSERT INTO doctors (id, first_name, last_name, specialty, cop_number) VALUES (12, 'YARA', 'COLLANTES', NULL, NULL) ON CONFLICT DO NOTHING;
INSERT INTO doctors (id, first_name, last_name, specialty, cop_number) VALUES (13, 'RONALD', 'CHIRINOS', NULL, NULL) ON CONFLICT DO NOTHING;
INSERT INTO doctors (id, first_name, last_name, specialty, cop_number) VALUES (14, 'JULIO', 'GONZALES', NULL, NULL) ON CONFLICT DO NOTHING;
INSERT INTO doctors (id, first_name, last_name, specialty, cop_number) VALUES (15, 'XIOMARA', 'PEREZ', NULL, NULL) ON CONFLICT DO NOTHING;
INSERT INTO doctors (id, first_name, last_name, specialty, cop_number) VALUES (16, 'MASSIEL', 'SALAZAR2', NULL, NULL) ON CONFLICT DO NOTHING;
INSERT INTO doctors (id, first_name, last_name, specialty, cop_number) VALUES (17, 'RONALD', 'MONTOYA', NULL, NULL) ON CONFLICT DO NOTHING;
INSERT INTO doctors (id, first_name, last_name, specialty, cop_number) VALUES (18, 'CARLA', 'FLORES', NULL, NULL) ON CONFLICT DO NOTHING;
INSERT INTO doctors (id, first_name, last_name, specialty, cop_number) VALUES (19, 'MEDICAL DENT', 'MEDICAL', NULL, NULL) ON CONFLICT DO NOTHING;
INSERT INTO doctors (id, first_name, last_name, specialty, cop_number) VALUES (20, 'CARLOS', 'FEBRES', NULL, NULL) ON CONFLICT DO NOTHING;
INSERT INTO doctors (id, first_name, last_name, specialty, cop_number) VALUES (21, 'DIEGO', 'QUISPE', NULL, NULL) ON CONFLICT DO NOTHING;
INSERT INTO doctors (id, first_name, last_name, specialty, cop_number) VALUES (22, 'KYNTHIA', 'GAMBOA', NULL, NULL) ON CONFLICT DO NOTHING;
INSERT INTO doctors (id, first_name, last_name, specialty, cop_number) VALUES (23, 'CARLA', 'VALLEJO', NULL, NULL) ON CONFLICT DO NOTHING;

-- Table: patients
INSERT INTO patients (id, first_name, last_name_paternal, last_name_maternal, dni_number, birth_date, phone_primary, email, address, district, acquisition_channel) VALUES (1544, 'MASHIRO', 'SAYAS', 'RAMOS', '92913791', '2022-05-26', '924289983', NULL, NULL, 'LINCE', NULL) ON CONFLICT DO NOTHING;
INSERT INTO patients (id, first_name, last_name_paternal, last_name_maternal, dni_number, birth_date, phone_primary, email, address, district, acquisition_channel) VALUES (1545, 'MARCIO', 'HOLGUIN', 'FLORES', '78475697', '2014-02-07', '993475318', NULL, NULL, 'LINCE', NULL) ON CONFLICT DO NOTHING;
INSERT INTO patients (id, first_name, last_name_paternal, last_name_maternal, dni_number, birth_date, phone_primary, email, address, district, acquisition_channel) VALUES (1546, 'JEISER OMAR', 'PEREZ', 'VILLOSLADA', '47879040', NULL, '952494789', NULL, NULL, NULL, NULL) ON CONFLICT DO NOTHING;
INSERT INTO patients (id, first_name, last_name_paternal, last_name_maternal, dni_number, birth_date, phone_primary, email, address, district, acquisition_channel) VALUES (1547, 'GIULIO', 'HOLGUIN', 'FLORES', '77442325', '2011-11-04', '993475318', 'gisela.informes@gmail.com', NULL, 'LINCE', NULL) ON CONFLICT DO NOTHING;
INSERT INTO patients (id, first_name, last_name_paternal, last_name_maternal, dni_number, birth_date, phone_primary, email, address, district, acquisition_channel) VALUES (1548, 'NILTON', 'GARCIA', 'ROSALES', '70448599', '2004-09-06', '929742803', 'nilton-garcia@outlook.com', NULL, 'LINCE', NULL) ON CONFLICT DO NOTHING;
INSERT INTO patients (id, first_name, last_name_paternal, last_name_maternal, dni_number, birth_date, phone_primary, email, address, district, acquisition_channel) VALUES (1549, 'ALESSA VALENTINA', 'DIAZ', 'SANCHEZ', '93334097', '2023-04-05', NULL, NULL, NULL, 'LINCE', NULL) ON CONFLICT DO NOTHING;
INSERT INTO patients (id, first_name, last_name_paternal, last_name_maternal, dni_number, birth_date, phone_primary, email, address, district, acquisition_channel) VALUES (1550, 'ALESSA VALENTINA', 'DIAZ', 'SANCHEZ', NULL, NULL, NULL, NULL, NULL, 'LINCE', NULL) ON CONFLICT DO NOTHING;
INSERT INTO patients (id, first_name, last_name_paternal, last_name_maternal, dni_number, birth_date, phone_primary, email, address, district, acquisition_channel) VALUES (1551, 'ALESSANDRA', 'MEJIA', NULL, NULL, '2024-09-26', NULL, NULL, NULL, NULL, NULL) ON CONFLICT DO NOTHING;
INSERT INTO patients (id, first_name, last_name_paternal, last_name_maternal, dni_number, birth_date, phone_primary, email, address, district, acquisition_channel) VALUES (1552, 'INGRE', 'HARO', NULL, NULL, '1985-08-25', NULL, NULL, NULL, NULL, NULL) ON CONFLICT DO NOTHING;
INSERT INTO patients (id, first_name, last_name_paternal, last_name_maternal, dni_number, birth_date, phone_primary, email, address, district, acquisition_channel) VALUES (1553, 'RAUL LEONCIO', 'ALARCON', 'CUSTODIO', '41123012', '1981-10-26', '946582667', NULL, NULL, 'RIMAC', NULL) ON CONFLICT DO NOTHING;
INSERT INTO patients (id, first_name, last_name_paternal, last_name_maternal, dni_number, birth_date, phone_primary, email, address, district, acquisition_channel) VALUES (1554, 'JANE JOHANA', 'FLORES', 'OSCO', '45702656', '1988-08-17', '937550977', 'johannafo178@gmail.com', NULL, 'LINCE', NULL) ON CONFLICT DO NOTHING;
INSERT INTO patients (id, first_name, last_name_paternal, last_name_maternal, dni_number, birth_date, phone_primary, email, address, district, acquisition_channel) VALUES (1555, 'NUEVO', NULL, NULL, NULL, NULL, NULL, NULL, NULL, NULL, NULL) ON CONFLICT DO NOTHING;
INSERT INTO patients (id, first_name, last_name_paternal, last_name_maternal, dni_number, birth_date, phone_primary, email, address, district, acquisition_channel) VALUES (1556, 'LUIS ALBERTO', 'ORTEGA', 'PERNIA', '41837386', '1983-04-04', '991209972', 'luisortegapernia@gmail.com', NULL, 'LINCE', NULL) ON CONFLICT DO NOTHING;
INSERT INTO patients (id, first_name, last_name_paternal, last_name_maternal, dni_number, birth_date, phone_primary, email, address, district, acquisition_channel) VALUES (1557, 'YANFEN', 'HU', NULL, NULL, NULL, NULL, NULL, NULL, NULL, NULL) ON CONFLICT DO NOTHING;
INSERT INTO patients (id, first_name, last_name_paternal, last_name_maternal, dni_number, birth_date, phone_primary, email, address, district, acquisition_channel) VALUES (1558, 'CAYETANA', 'ORTEGA', NULL, NULL, NULL, NULL, NULL, NULL, NULL, NULL) ON CONFLICT DO NOTHING;
INSERT INTO patients (id, first_name, last_name_paternal, last_name_maternal, dni_number, birth_date, phone_primary, email, address, district, acquisition_channel) VALUES (1559, 'NICOLE', 'CAO', 'CAO', NULL, NULL, NULL, NULL, NULL, NULL, NULL) ON CONFLICT DO NOTHING;
INSERT INTO patients (id, first_name, last_name_paternal, last_name_maternal, dni_number, birth_date, phone_primary, email, address, district, acquisition_channel) VALUES (1560, 'TRACY ROMINA', 'MORI', 'CHAVEZ', NULL, '2006-09-20', '947419698', NULL, NULL, NULL, NULL) ON CONFLICT DO NOTHING;
INSERT INTO patients (id, first_name, last_name_paternal, last_name_maternal, dni_number, birth_date, phone_primary, email, address, district, acquisition_channel) VALUES (1561, 'MARIA CECILIA', 'LAZO', NULL, '47514475', '1992-08-07', '961819662', NULL, NULL, 'LINCE', NULL) ON CONFLICT DO NOTHING;
INSERT INTO patients (id, first_name, last_name_paternal, last_name_maternal, dni_number, birth_date, phone_primary, email, address, district, acquisition_channel) VALUES (1562, 'SCARLETT NICOLE', 'LOZANO', 'DAMIAN', '72199664', '1995-08-14', '977147474', 'lscarlett25@gmail.com', NULL, 'LINCE', NULL) ON CONFLICT DO NOTHING;
INSERT INTO patients (id, first_name, last_name_paternal, last_name_maternal, dni_number, birth_date, phone_primary, email, address, district, acquisition_channel) VALUES (1563, 'EVELYN SOLANGE', 'COLOMA', 'ÑAYINCOPA', NULL, NULL, NULL, NULL, NULL, NULL, NULL) ON CONFLICT DO NOTHING;
INSERT INTO patients (id, first_name, last_name_paternal, last_name_maternal, dni_number, birth_date, phone_primary, email, address, district, acquisition_channel) VALUES (1564, 'FABIAN DAVID', 'SANTI', 'LAYTEN', '91000112', '2018-10-04', NULL, NULL, NULL, 'LA VICTORIA', NULL) ON CONFLICT DO NOTHING;
INSERT INTO patients (id, first_name, last_name_paternal, last_name_maternal, dni_number, birth_date, phone_primary, email, address, district, acquisition_channel) VALUES (1565, 'FERNANDO RAY', 'HIDALGO', NULL, '41963792', '1983-08-16', '900425850', 'nanhos@gmail.com', NULL, 'CERCADO DE LIMA', NULL) ON CONFLICT DO NOTHING;
INSERT INTO patients (id, first_name, last_name_paternal, last_name_maternal, dni_number, birth_date, phone_primary, email, address, district, acquisition_channel) VALUES (1566, 'MARIA LUISA', 'DELGADO', 'GUTIERRE<', '6245443', '1955-03-08', '987577256', NULL, NULL, 'LINCE', NULL) ON CONFLICT DO NOTHING;
INSERT INTO patients (id, first_name, last_name_paternal, last_name_maternal, dni_number, birth_date, phone_primary, email, address, district, acquisition_channel) VALUES (1567, 'ALEJANDRO', 'SILVESTRE', 'SANCHEZ', NULL, NULL, '941022866', NULL, NULL, NULL, NULL) ON CONFLICT DO NOTHING;
INSERT INTO patients (id, first_name, last_name_paternal, last_name_maternal, dni_number, birth_date, phone_primary, email, address, district, acquisition_channel) VALUES (1568, 'PAOLA', 'PEREZ', 'NUÑEZ', '76132653', NULL, '952431510', NULL, NULL, NULL, NULL) ON CONFLICT DO NOTHING;
INSERT INTO patients (id, first_name, last_name_paternal, last_name_maternal, dni_number, birth_date, phone_primary, email, address, district, acquisition_channel) VALUES (1569, 'ADRIÁN MATÍAS', 'MEDINA', 'TORRILLO', '91822130', '2020-04-19', NULL, NULL, NULL, 'LIMA', NULL) ON CONFLICT DO NOTHING;
INSERT INTO patients (id, first_name, last_name_paternal, last_name_maternal, dni_number, birth_date, phone_primary, email, address, district, acquisition_channel) VALUES (1570, 'RUSBER', 'RUIZ', 'RIOS', NULL, '2003-03-10', '916 094 495', NULL, NULL, NULL, NULL) ON CONFLICT DO NOTHING;
INSERT INTO patients (id, first_name, last_name_paternal, last_name_maternal, dni_number, birth_date, phone_primary, email, address, district, acquisition_channel) VALUES (1571, 'DIANIELI', 'AMASIFUEN', 'AMASIFUEN', NULL, '2006-07-31', NULL, NULL, NULL, NULL, NULL) ON CONFLICT DO NOTHING;
INSERT INTO patients (id, first_name, last_name_paternal, last_name_maternal, dni_number, birth_date, phone_primary, email, address, district, acquisition_channel) VALUES (1572, 'FERNANDO', 'NEYRA', 'QUISPE', '75255716', '2004-05-20', NULL, NULL, NULL, 'SMP', NULL) ON CONFLICT DO NOTHING;
INSERT INTO patients (id, first_name, last_name_paternal, last_name_maternal, dni_number, birth_date, phone_primary, email, address, district, acquisition_channel) VALUES (1573, 'RENATA', 'GUZMAN', 'EYES', NULL, NULL, '932114327', NULL, NULL, NULL, NULL) ON CONFLICT DO NOTHING;
INSERT INTO patients (id, first_name, last_name_paternal, last_name_maternal, dni_number, birth_date, phone_primary, email, address, district, acquisition_channel) VALUES (1574, 'GIANNA VALERIA', 'GUERRA', 'MACHUCA', NULL, NULL, NULL, NULL, NULL, NULL, NULL) ON CONFLICT DO NOTHING;
INSERT INTO patients (id, first_name, last_name_paternal, last_name_maternal, dni_number, birth_date, phone_primary, email, address, district, acquisition_channel) VALUES (1575, 'CIRSTIAN BENJAMIN', 'IGREDA', 'REATEGUI', '45066455', '1988-05-01', '981 229 131', NULL, NULL, NULL, NULL) ON CONFLICT DO NOTHING;
INSERT INTO patients (id, first_name, last_name_paternal, last_name_maternal, dni_number, birth_date, phone_primary, email, address, district, acquisition_channel) VALUES (1576, 'DAVID', 'OLIMAR', 'CAYAJANO', NULL, '2005-10-11', '918 495 511', NULL, NULL, NULL, NULL) ON CONFLICT DO NOTHING;
INSERT INTO patients (id, first_name, last_name_paternal, last_name_maternal, dni_number, birth_date, phone_primary, email, address, district, acquisition_channel) VALUES (1577, 'OSCAR', 'PINO', NULL, NULL, NULL, NULL, NULL, NULL, NULL, NULL) ON CONFLICT DO NOTHING;

-- Table: patient_guardians
INSERT INTO patient_guardians (patient_id, first_name, relationship, phone, email, dni_number) VALUES (1544, 'ALDANA RAMOS MEZA', 'MAMA', '924289983', 'aldanaramosmeza21@gmail.com', '74888805');
INSERT INTO patient_guardians (patient_id, first_name, relationship, phone, email, dni_number) VALUES (1547, 'GISELA FLORES', 'MAMA', '9934755318', NULL, NULL);
INSERT INTO patient_guardians (patient_id, first_name, relationship, phone, email, dni_number) VALUES (1549, 'LUZMILA SANCHEZ FERNANDEZ', 'MAMA', '955 304 960', 'luz.decoracion@gmail.com', '40036594');
INSERT INTO patient_guardians (patient_id, first_name, relationship, phone, email, dni_number) VALUES (1551, 'EVELYN CASSO VALDERRAMA', 'MAMA', '986124080', 'eveccaso22@hotmail.com', '42956589');
INSERT INTO patient_guardians (patient_id, first_name, relationship, phone, email, dni_number) VALUES (1564, 'CARLA LAYTEN VERA', 'MAMA', '997128344', 'carlalayten@gmail.com', '45812002');
INSERT INTO patient_guardians (patient_id, first_name, relationship, phone, email, dni_number) VALUES (1569, 'JOSE LUIS MEDINA HUAMANLAZO', 'PAPA', '999333924', 'joseluismedina@gamil.com', '70206487');
INSERT INTO patient_guardians (patient_id, first_name, relationship, phone, email, dni_number) VALUES (1572, 'EVA QUISPE TITO', 'MAMA', NULL, NULL, NULL);
INSERT INTO patient_guardians (patient_id, first_name, relationship, phone, email, dni_number) VALUES (1573, 'RAYZA', 'MAMA', NULL, NULL, NULL);

-- Table: treatments
INSERT INTO treatments (id, name, base_cost) VALUES (3, 'Endodoncia', 350.0) ON CONFLICT DO NOTHING;
INSERT INTO treatments (id, name, base_cost) VALUES (4, 'Exodoncia', 120.0) ON CONFLICT DO NOTHING;
INSERT INTO treatments (id, name, base_cost) VALUES (5, 'Blanqueamiento', 220.0) ON CONFLICT DO NOTHING;
INSERT INTO treatments (id, name, base_cost) VALUES (6, 'Destartraje', 140.0) ON CONFLICT DO NOTHING;
INSERT INTO treatments (id, name, base_cost) VALUES (7, 'Endodoncia Rotatorio', 320.0) ON CONFLICT DO NOTHING;
INSERT INTO treatments (id, name, base_cost) VALUES (8, 'Brackets', NULL) ON CONFLICT DO NOTHING;
INSERT INTO treatments (id, name, base_cost) VALUES (9, 'Curaciones', NULL) ON CONFLICT DO NOTHING;

-- Table: appointments
INSERT INTO appointments (id, patient_id, doctor_id, scheduled_start, status, notes) VALUES (6961, 1544, NULL, '2025-10-13 16:00:00', 'Attended', 'se le ofrecio el sabado 18 pero l adra no puede asistir') ON CONFLICT DO NOTHING;
INSERT INTO appointments (id, patient_id, doctor_id, scheduled_start, status, notes) VALUES (6962, 1544, NULL, '2025-10-18 11:00:00', 'Scheduled', NULL) ON CONFLICT DO NOTHING;
INSERT INTO appointments (id, patient_id, doctor_id, scheduled_start, status, notes) VALUES (6963, 1544, NULL, NULL, 'Scheduled', NULL) ON CONFLICT DO NOTHING;
INSERT INTO appointments (id, patient_id, doctor_id, scheduled_start, status, notes) VALUES (6974, 1545, NULL, '2025-10-16 15:00:00', 'Scheduled', 'se le escribe 17/01/26') ON CONFLICT DO NOTHING;
INSERT INTO appointments (id, patient_id, doctor_id, scheduled_start, status, notes) VALUES (6975, 1546, NULL, '2025-10-18 11:00:00', 'Scheduled', NULL) ON CONFLICT DO NOTHING;
INSERT INTO appointments (id, patient_id, doctor_id, scheduled_start, status, notes) VALUES (6977, 1547, NULL, '2025-10-22 17:30:00', 'Scheduled', 'evaluara la proforma con su esposo') ON CONFLICT DO NOTHING;
INSERT INTO appointments (id, patient_id, doctor_id, scheduled_start, status, notes) VALUES (6982, 1548, NULL, '2025-10-22 18:00:00', 'Attended', 'posiblemnte para el 5 de noviembre, revisara proforma escrita que la dra le dio') ON CONFLICT DO NOTHING;
INSERT INTO appointments (id, patient_id, doctor_id, scheduled_start, status, notes) VALUES (6984, 1544, NULL, '2025-10-24 8:00:00', 'Attended', NULL) ON CONFLICT DO NOTHING;
INSERT INTO appointments (id, patient_id, doctor_id, scheduled_start, status, notes) VALUES (6985, 1549, 18, '2025-10-23 14:00:00', 'Attended', 'consultara con su esposo por la proforma, puede en las mañanas (debido a la sedacion)/ se le escribe 17/01/26') ON CONFLICT DO NOTHING;
INSERT INTO appointments (id, patient_id, doctor_id, scheduled_start, status, notes) VALUES (6986, 1550, NULL, '2025-10-23 14:00:00', 'Attended', 'consultara con su esposo por la proforma, puede en las mañanas (debido a la sedacion)') ON CONFLICT DO NOTHING;
INSERT INTO appointments (id, patient_id, doctor_id, scheduled_start, status, notes) VALUES (6987, 1551, 18, '2025-10-23 18:10:00', 'Attended', 'para fluor, que termine de salir las muelitas') ON CONFLICT DO NOTHING;
INSERT INTO appointments (id, patient_id, doctor_id, scheduled_start, status, notes) VALUES (6988, 1551, NULL, '2025-12-18 00:00:00', 'Scheduled', NULL) ON CONFLICT DO NOTHING;
INSERT INTO appointments (id, patient_id, doctor_id, scheduled_start, status, notes) VALUES (6990, 1544, NULL, '2025-10-27 8:00:00', 'Attended', 'terminos sedacion, curaciones, limpieza, fluor barnis') ON CONFLICT DO NOTHING;
INSERT INTO appointments (id, patient_id, doctor_id, scheduled_start, status, notes) VALUES (7008, 1552, NULL, '2025-11-04 19:00:00', 'Scheduled', NULL) ON CONFLICT DO NOTHING;
INSERT INTO appointments (id, patient_id, doctor_id, scheduled_start, status, notes) VALUES (7010, 1553, 18, '2025-11-06 18:00:00', 'Attended', 'para cambio de amalgamas se le dijo 150 c/u y curaciones desde 60 soles') ON CONFLICT DO NOTHING;
INSERT INTO appointments (id, patient_id, doctor_id, scheduled_start, status, notes) VALUES (7032, 1554, NULL, '2025-11-13 11:00:00', 'Attended', 'vera sus horarios/ se le escribio 20/01/26') ON CONFLICT DO NOTHING;
INSERT INTO appointments (id, patient_id, doctor_id, scheduled_start, status, notes) VALUES (7036, 1555, 22, '2025-11-18 18:00:00', 'Attended', NULL) ON CONFLICT DO NOTHING;
INSERT INTO appointments (id, patient_id, doctor_id, scheduled_start, status, notes) VALUES (7044, 1556, 22, '2025-11-22 16:30:00', 'Attended', 'se comunicara para las curaciones pendientes') ON CONFLICT DO NOTHING;
INSERT INTO appointments (id, patient_id, doctor_id, scheduled_start, status, notes) VALUES (7064, 1557, 18, '2025-11-27 17:00:00', 'Attended', NULL) ON CONFLICT DO NOTHING;
INSERT INTO appointments (id, patient_id, doctor_id, scheduled_start, status, notes) VALUES (7065, 1557, 22, '2025-12-02 17:00:00', 'Attended', NULL) ON CONFLICT DO NOTHING;
INSERT INTO appointments (id, patient_id, doctor_id, scheduled_start, status, notes) VALUES (7068, 1558, 18, '2025-11-27 19:15:00', 'Attended', 'en mayo 2026') ON CONFLICT DO NOTHING;
INSERT INTO appointments (id, patient_id, doctor_id, scheduled_start, status, notes) VALUES (7070, 1559, 2, '2025-11-29 14:30:00', 'Attended', NULL) ON CONFLICT DO NOTHING;
INSERT INTO appointments (id, patient_id, doctor_id, scheduled_start, status, notes) VALUES (7073, 1560, 22, '2025-12-02 15:00:00', 'Attended', 'se le escribio 29/01/26') ON CONFLICT DO NOTHING;
INSERT INTO appointments (id, patient_id, doctor_id, scheduled_start, status, notes) VALUES (7074, 1557, NULL, '2025-12-04 14:00:00', 'No Show', 'estaba reesfriada, pidio reprogramar') ON CONFLICT DO NOTHING;
INSERT INTO appointments (id, patient_id, doctor_id, scheduled_start, status, notes) VALUES (7088, 1561, NULL, '2025-12-12 16:00:00', 'Attended', 'para extraccion de tercera molar, curaciones, limpieza') ON CONFLICT DO NOTHING;
INSERT INTO appointments (id, patient_id, doctor_id, scheduled_start, status, notes) VALUES (7107, 1559, NULL, '2025-12-22 11:00:00', 'No Show', NULL) ON CONFLICT DO NOTHING;
INSERT INTO appointments (id, patient_id, doctor_id, scheduled_start, status, notes) VALUES (7111, 1559, NULL, '2025-12-23 10:30:00', 'Attended', NULL) ON CONFLICT DO NOTHING;
INSERT INTO appointments (id, patient_id, doctor_id, scheduled_start, status, notes) VALUES (7113, 1562, 20, '2025-12-27 10:00:00', 'Scheduled', NULL) ON CONFLICT DO NOTHING;
INSERT INTO appointments (id, patient_id, doctor_id, scheduled_start, status, notes) VALUES (7146, 1563, 23, '2026-01-20 10:00:00', 'Attended', 'para endodoncia, se le nevio rx al dr quispe y el dr debe confirmar horario disponible, quispe disponible lunes tarde.') ON CONFLICT DO NOTHING;
INSERT INTO appointments (id, patient_id, doctor_id, scheduled_start, status, notes) VALUES (7150, 1564, 23, '2026-01-20 19:00:00', 'Attended', NULL) ON CONFLICT DO NOTHING;
INSERT INTO appointments (id, patient_id, doctor_id, scheduled_start, status, notes) VALUES (7151, 1564, 23, '2026-01-24 16:30:00', 'Cancelled', 'fluor barniz falta') ON CONFLICT DO NOTHING;
INSERT INTO appointments (id, patient_id, doctor_id, scheduled_start, status, notes) VALUES (7181, 1565, NULL, '2026-01-30 18:00:00', 'Attended', NULL) ON CONFLICT DO NOTHING;
INSERT INTO appointments (id, patient_id, doctor_id, scheduled_start, status, notes) VALUES (7183, 1565, NULL, '2026-02-06 17:30:00', 'Scheduled', 'para extraccion de terceras molares') ON CONFLICT DO NOTHING;
INSERT INTO appointments (id, patient_id, doctor_id, scheduled_start, status, notes) VALUES (7186, 1566, NULL, '2026-02-04 17:00:00', 'Attended', 'para curacines rstantes') ON CONFLICT DO NOTHING;
INSERT INTO appointments (id, patient_id, doctor_id, scheduled_start, status, notes) VALUES (7194, 1567, NULL, '2026-02-10 14:00:00', 'No Show', NULL) ON CONFLICT DO NOTHING;
INSERT INTO appointments (id, patient_id, doctor_id, scheduled_start, status, notes) VALUES (7210, 1568, NULL, '2026-02-13 18:17:00', 'Attended', 'LUEGO DE TOMARSE PANORAMICA Y QUE SU HIJA TERMINE EEELLA EMPEZARA ORTODONCIA') ON CONFLICT DO NOTHING;
INSERT INTO appointments (id, patient_id, doctor_id, scheduled_start, status, notes) VALUES (7212, 1569, NULL, '2026-02-18 19:00:00', 'Attended', 'luego de primera cita') ON CONFLICT DO NOTHING;
INSERT INTO appointments (id, patient_id, doctor_id, scheduled_start, status, notes) VALUES (7213, 1570, NULL, '2026-02-19 17:00:00', 'No Show', NULL) ON CONFLICT DO NOTHING;
INSERT INTO appointments (id, patient_id, doctor_id, scheduled_start, status, notes) VALUES (7214, 1571, NULL, '2026-02-18 16:00:00', 'No Show', 'no asistio a primera cita') ON CONFLICT DO NOTHING;
INSERT INTO appointments (id, patient_id, doctor_id, scheduled_start, status, notes) VALUES (7218, 1569, 2, '2026-02-25 19:00:00', 'Scheduled', 'PIDIO REPROGRAMAR, mama no podria traerlo a la cita, luego papa no responde') ON CONFLICT DO NOTHING;
INSERT INTO appointments (id, patient_id, doctor_id, scheduled_start, status, notes) VALUES (7222, 1557, 23, '2026-02-19 15:44:00', 'Attended', NULL) ON CONFLICT DO NOTHING;
INSERT INTO appointments (id, patient_id, doctor_id, scheduled_start, status, notes) VALUES (7227, 1568, NULL, '2026-02-20 18:45:00', 'Scheduled', 'no se atendio por falta de hora, sera para la semana del 23 de febrero/ ortodoncia/ ya tiene su panoramica') ON CONFLICT DO NOTHING;
INSERT INTO appointments (id, patient_id, doctor_id, scheduled_start, status, notes) VALUES (7235, 1570, NULL, '2026-02-21 14:00:00', 'Scheduled', NULL) ON CONFLICT DO NOTHING;
INSERT INTO appointments (id, patient_id, doctor_id, scheduled_start, status, notes) VALUES (7238, 1557, 23, '2026-02-21 10:30:00', 'Attended', NULL) ON CONFLICT DO NOTHING;
INSERT INTO appointments (id, patient_id, doctor_id, scheduled_start, status, notes) VALUES (7241, 1572, 23, '2026-02-24 15:00:00', 'Attended', NULL) ON CONFLICT DO NOTHING;
INSERT INTO appointments (id, patient_id, doctor_id, scheduled_start, status, notes) VALUES (7242, 1572, NULL, '2026-02-27 16:00:00', 'No Show', '(Hijo de Eva Quispe)solo no llego, no habia confirmado para ver lo de su ortodoncia, ya enviaron su panoramica') ON CONFLICT DO NOTHING;
INSERT INTO appointments (id, patient_id, doctor_id, scheduled_start, status, notes) VALUES (7261, 1570, 23, '2026-03-03 17:00:00', 'Attended', NULL) ON CONFLICT DO NOTHING;
INSERT INTO appointments (id, patient_id, doctor_id, scheduled_start, status, notes) VALUES (7262, 1570, NULL, '2026-03-13 18:00:00', 'Scheduled', 'para evalaucion ortodoncia') ON CONFLICT DO NOTHING;
INSERT INTO appointments (id, patient_id, doctor_id, scheduled_start, status, notes) VALUES (7264, 1573, NULL, '2026-03-04 16:30:00', 'No Show', 'de provincia, solo queria curacion que se le salio a su hija') ON CONFLICT DO NOTHING;
INSERT INTO appointments (id, patient_id, doctor_id, scheduled_start, status, notes) VALUES (7266, 1574, NULL, '2026-03-04 19:30:00', 'Scheduled', 'no vino a primera cita, citar viernes o miercoles') ON CONFLICT DO NOTHING;
INSERT INTO appointments (id, patient_id, doctor_id, scheduled_start, status, notes) VALUES (7284, 1557, 23, '2026-03-19 11:00:00', 'Attended', 'vino esta vez por que se le salio la ultima curacion que se le hizo, no se le cobro') ON CONFLICT DO NOTHING;
INSERT INTO appointments (id, patient_id, doctor_id, scheduled_start, status, notes) VALUES (7287, 1575, 23, '2026-03-19 10:00:00', 'Attended', 'curaciones, restos, ortodoncia') ON CONFLICT DO NOTHING;
INSERT INTO appointments (id, patient_id, doctor_id, scheduled_start, status, notes) VALUES (7288, 1576, NULL, '2026-03-19 15:00:00', 'Scheduled', NULL) ON CONFLICT DO NOTHING;
INSERT INTO appointments (id, patient_id, doctor_id, scheduled_start, status, notes) VALUES (7297, 1572, NULL, '2026-03-21 17:00:00', 'Scheduled', NULL) ON CONFLICT DO NOTHING;
INSERT INTO appointments (id, patient_id, doctor_id, scheduled_start, status, notes) VALUES (7300, 1577, NULL, '2026-03-23 11:00:00', 'Scheduled', 'esperando su radigorafi panoramica') ON CONFLICT DO NOTHING;

-- Table: payments
INSERT INTO payments (id, patient_id, amount_paid, payment_method, notes) VALUES (4832, 1545, 30.0, 'Bank Transfer', 'CONSULTA') ON CONFLICT DO NOTHING;
INSERT INTO payments (id, patient_id, amount_paid, payment_method, notes) VALUES (4839, 1547, 30.0, 'Cash', NULL) ON CONFLICT DO NOTHING;
INSERT INTO payments (id, patient_id, amount_paid, payment_method, notes) VALUES (4842, 1548, 0.0, 'Cash', 'evaluacion gratuita para seguir ortodoncia') ON CONFLICT DO NOTHING;
INSERT INTO payments (id, patient_id, amount_paid, payment_method, notes) VALUES (4843, 1549, 30.0, 'Cash', NULL) ON CONFLICT DO NOTHING;
INSERT INTO payments (id, patient_id, amount_paid, payment_method, notes) VALUES (4844, 1550, 0, 'Other', NULL) ON CONFLICT DO NOTHING;
INSERT INTO payments (id, patient_id, amount_paid, payment_method, notes) VALUES (4845, 1551, 0, 'Other', NULL) ON CONFLICT DO NOTHING;
INSERT INTO payments (id, patient_id, amount_paid, payment_method, notes) VALUES (4846, 1544, 200.0, 'Yape', 'adelanto (de 500) por sedacion con oxido nitroso') ON CONFLICT DO NOTHING;
INSERT INTO payments (id, patient_id, amount_paid, payment_method, notes) VALUES (4847, 1544, 0, 'Other', NULL) ON CONFLICT DO NOTHING;
INSERT INTO payments (id, patient_id, amount_paid, payment_method, notes) VALUES (4851, 1544, 1170.0, 'Visa', NULL) ON CONFLICT DO NOTHING;
INSERT INTO payments (id, patient_id, amount_paid, payment_method, notes) VALUES (4872, 1553, 246.0, 'Visa', NULL) ON CONFLICT DO NOTHING;
INSERT INTO payments (id, patient_id, amount_paid, payment_method, notes) VALUES (4880, 1554, 90.0, 'Visa', NULL) ON CONFLICT DO NOTHING;
INSERT INTO payments (id, patient_id, amount_paid, payment_method, notes) VALUES (4884, 1555, 0, 'Other', NULL) ON CONFLICT DO NOTHING;
INSERT INTO payments (id, patient_id, amount_paid, payment_method, notes) VALUES (4891, 1556, 270.0, 'Visa', NULL) ON CONFLICT DO NOTHING;
INSERT INTO payments (id, patient_id, amount_paid, payment_method, notes) VALUES (4900, 1557, 0.0, 'Other', 'cita de evaluacion') ON CONFLICT DO NOTHING;
INSERT INTO payments (id, patient_id, amount_paid, payment_method, notes) VALUES (4903, 1558, 40.0, 'Visa', NULL) ON CONFLICT DO NOTHING;
INSERT INTO payments (id, patient_id, amount_paid, payment_method, notes) VALUES (4907, 1559, 180.0, 'Cash', NULL) ON CONFLICT DO NOTHING;
INSERT INTO payments (id, patient_id, amount_paid, payment_method, notes) VALUES (4909, 1560, 0, 'Other', NULL) ON CONFLICT DO NOTHING;
INSERT INTO payments (id, patient_id, amount_paid, payment_method, notes) VALUES (4910, 1557, 185.0, 'Visa', NULL) ON CONFLICT DO NOTHING;
INSERT INTO payments (id, patient_id, amount_paid, payment_method, notes) VALUES (4914, 1561, 30.0, 'Visa', NULL) ON CONFLICT DO NOTHING;
INSERT INTO payments (id, patient_id, amount_paid, payment_method, notes) VALUES (4934, 1559, 135.0, 'Other', NULL) ON CONFLICT DO NOTHING;
INSERT INTO payments (id, patient_id, amount_paid, payment_method, notes) VALUES (4935, 1562, 0, 'Other', NULL) ON CONFLICT DO NOTHING;
INSERT INTO payments (id, patient_id, amount_paid, payment_method, notes) VALUES (4948, 1563, 0, 'Other', NULL) ON CONFLICT DO NOTHING;
INSERT INTO payments (id, patient_id, amount_paid, payment_method, notes) VALUES (4950, 1564, 100.0, 'Visa', NULL) ON CONFLICT DO NOTHING;
INSERT INTO payments (id, patient_id, amount_paid, payment_method, notes) VALUES (4973, 1565, 150.0, 'Visa', NULL) ON CONFLICT DO NOTHING;
INSERT INTO payments (id, patient_id, amount_paid, payment_method, notes) VALUES (4977, 1566, 215.0, 'Visa', NULL) ON CONFLICT DO NOTHING;
INSERT INTO payments (id, patient_id, amount_paid, payment_method, notes) VALUES (4978, 1566, 180.0, 'Visa', NULL) ON CONFLICT DO NOTHING;
INSERT INTO payments (id, patient_id, amount_paid, payment_method, notes) VALUES (4982, 1565, 210.0, 'Visa', NULL) ON CONFLICT DO NOTHING;
INSERT INTO payments (id, patient_id, amount_paid, payment_method, notes) VALUES (4993, 1568, 68.0, 'Visa', 'RADIOGRAFIA PANORAMICA') ON CONFLICT DO NOTHING;
INSERT INTO payments (id, patient_id, amount_paid, payment_method, notes) VALUES (4998, 1569, 180.0, 'Yape', NULL) ON CONFLICT DO NOTHING;
INSERT INTO payments (id, patient_id, amount_paid, payment_method, notes) VALUES (5002, 1557, 100.0, 'Visa', NULL) ON CONFLICT DO NOTHING;
INSERT INTO payments (id, patient_id, amount_paid, payment_method, notes) VALUES (5012, 1557, 30.0, 'Visa', NULL) ON CONFLICT DO NOTHING;
INSERT INTO payments (id, patient_id, amount_paid, payment_method, notes) VALUES (5014, 1572, 180.0, 'Visa', NULL) ON CONFLICT DO NOTHING;
INSERT INTO payments (id, patient_id, amount_paid, payment_method, notes) VALUES (5025, 1570, 100.0, 'Yape', NULL) ON CONFLICT DO NOTHING;
INSERT INTO payments (id, patient_id, amount_paid, payment_method, notes) VALUES (5026, 1570, 20.0, 'Cash', NULL) ON CONFLICT DO NOTHING;
INSERT INTO payments (id, patient_id, amount_paid, payment_method, notes) VALUES (5040, 1575, 120.0, 'Visa', NULL) ON CONFLICT DO NOTHING;
INSERT INTO payments (id, patient_id, amount_paid, payment_method, notes) VALUES (5041, 1557, 0.0, 'Visa', 'se le volvio a curar 4.6 que se le salio.') ON CONFLICT DO NOTHING;

-- Reset Sequences
SELECT setval('doctors_id_seq', COALESCE((SELECT MAX(id)+1 FROM doctors), 1), false);
SELECT setval('patients_id_seq', COALESCE((SELECT MAX(id)+1 FROM patients), 1), false);
SELECT setval('appointments_id_seq', COALESCE((SELECT MAX(id)+1 FROM appointments), 1), false);
SELECT setval('treatments_id_seq', COALESCE((SELECT MAX(id)+1 FROM treatments), 1), false);
SELECT setval('payments_id_seq', COALESCE((SELECT MAX(id)+1 FROM payments), 1), false);
